time_s,x_m,y_m,orientation_rad,dissipation_J,power_W
0.000000000000000000e+00,0.000000000000000000e+00,0.000000000000000000e+00,0.000000000000000000e+00,0.000000000000000000e+00,1.319532067978900421e-13
1.000000000000000021e-02,-5.990533442873695474e-07,-1.177999173863763009e-09,-1.085504839319906441e-02,1.321170851198245571e-15,1.326079238503666144e-13
2.000000000000000042e-02,-1.204301500905134318e-06,-4.490287538833451183e-09,-2.166454338182718584e-02,2.655404250704465944e-15,1.345593805101794652e-13
2.999999999999999889e-02,-1.821795383798619881e-06,-9.292313647040691528e-09,-3.238320642426309459e-02,4.015509758105223641e-15,1.377698526901303853e-13
4.000000000000000083e-02,-2.457303646641526719e-06,-1.454375050386998363e-08,-4.296630432825523926e-02,5.413798100387177744e-15,1.421776477012518880e-13
5.000000000000000278e-02,-3.116185079752265733e-06,-1.885739814629134738e-08,-5.336991111645032759e-02,6.861849276297584876e-15,1.476988163818224640e-13
6.000000000000000472e-02,-3.803276289852522500e-06,-2.056381762162108786e-08,-6.355115728516995410e-02,8.370300754061427706e-15,1.542294363297071449e-13
7.000000000000000666e-02,-4.522798262138286568e-06,-1.778821697687767795e-08,-7.346846284444266684e-02,9.948660979247253982e-15,1.616483622304025692e-13
8.000000000000000167e-02,-5.278284290798477959e-06,-8.535576041123126962e-09,-8.308175100166272087e-02,1.160515227560164374e-14,1.698203224040033693e-13
8.999999999999999667e-02,-6.072530559752025799e-06,9.220257076302943119e-09,-9.235263990877908002e-02,1.334658595802541700e-14,1.785992317485563579e-13
9.999999999999999167e-02,-6.907569453349416960e-06,3.744773839835752524e-08,-1.012446105151473125e-01,1.517827116432131398e-14,1.878315903753401170e-13
1.099999999999999867e-01,-7.784664563634855928e-06,7.797302720115518241e-08,-1.097231492364167532e-01,1.710395762979580808e-14,1.973598439155196179e-13
1.199999999999999817e-01,-8.704325408572126374e-06,1.324030742387065651e-07,-1.177558648455414303e-01,1.912581144733027184e-14,2.070255946956709368e-13
1.299999999999999767e-01,-9.666339136728409982e-06,2.020592109889172827e-07,-1.253125796967020922e-01,2.124442183377212169e-14,2.166725713106991128e-13
1.399999999999999856e-01,-1.066981599824492181e-05,2.879233104405139794e-07,-1.323653960877151647e-01,2.345883610450047977e-14,2.261492859169498755e-13
1.499999999999999944e-01,-1.171324511712589282e-05,3.905978215042750835e-07,-1.388887392316339453e-01,2.576661946781811633e-14,2.353113321050861898e-13
1.600000000000000033e-01,-1.279455709353791120e-05,5.102802412143634071e-07,-1.448593789229135065e-01,2.816393589841055395e-14,2.440232998384768203e-13
1.700000000000000122e-01,-1.391119016843878235e-05,6.467519281322849439e-07,-1.502564325261233902e-01,3.064564622773531642e-14,2.521603061838102362e-13
1.800000000000000211e-01,-1.506015705676224696e-05,7.993806096782553732e-07,-1.550613523642013214e-01,3.320541967856051418e-14,2.596091601983696554e-13
1.900000000000000300e-01,-1.623811005379537109e-05,9.671355136116776355e-07,-1.592579009184322825e-01,3.583585533995718709e-14,2.662691964573037560e-13
2.000000000000000389e-01,-1.744140259514379124e-05,1.148613763476932652e-06,-1.628321174564388851e-01,3.852861048929210485e-14,2.720528237069176340e-13
2.100000000000000477e-01,-1.866614605911910151e-05,1.342076511086858630e-06,-1.657722797647632751e-01,4.127453317618982549e-14,2.768858427277971373e-13
2.200000000000000566e-01,-1.990826120208561228e-05,1.545493217976294331e-06,-1.680688645723596442e-01,4.406379704561455812e-14,2.807075906752743403e-13
2.300000000000000655e-01,-2.116352417968506039e-05,1.756592517719580647e-06,-1.697145100106711435e-01,4.688603694989550263e-14,2.834709681620881011e-13
2.400000000000000744e-01,-2.242760760465461613e-05,1.972918164373996834e-06,-1.707039830724420282e-01,4.973048444269501494e-14,2.851424005746984292e-13
2.500000000000000555e-01,-2.369611750683270939e-05,2.191888671231866182e-06,-1.710341545196853164e-01,5.258610272651569545e-14,2.857017771244049917e-13
2.600000000000000644e-01,-2.496462738051890808e-05,2.410859343145001958e-06,-1.707039830724420282e-01,5.544172101033637597e-14,2.851424005746986816e-13
2.700000000000000733e-01,-2.622871072089852582e-05,2.627185484094084488e-06,-1.697145100106711435e-01,5.828616850313589458e-14,2.834709681620884545e-13
2.800000000000000822e-01,-2.748397356045394825e-05,2.838285604689026443e-06,-1.680688645723596164e-01,6.110840840741683278e-14,2.807075906752742393e-13
2.900000000000000910e-01,-2.872608851628125515e-05,3.041703454295653954e-06,-1.657722797647632196e-01,6.389767227684155910e-14,2.768858427277973898e-13
3.000000000000000999e-01,-2.995083175001322706e-05,3.235167659488180301e-06,-1.628321174564388019e-01,6.664359496373927974e-14,2.720528237069173311e-13
3.100000000000001088e-01,-3.115412402550121377e-05,3.416647672133739049e-06,-1.592579009184321714e-01,6.933635011307419750e-14,2.662691964573036550e-13
3.200000000000001177e-01,-3.233207672983562147e-05,3.584404631346405882e-06,-1.550613523642011826e-01,7.196678577447087041e-14,2.596091601983694030e-13
3.300000000000001266e-01,-3.348104330840817681e-05,3.737035644634774629e-06,-1.502564325261232236e-01,7.452655922529606817e-14,2.521603061838098828e-13
3.400000000000001354e-01,-3.459767606692887429e-05,3.873509920200720381e-06,-1.448593789229133122e-01,7.700826955462083379e-14,2.440232998384764669e-13
3.500000000000001443e-01,-3.567898773093886174e-05,3.993195162380707610e-06,-1.388887392316337510e-01,7.940558598521327457e-14,2.353113321050858364e-13
3.600000000000001532e-01,-3.672241655166959365e-05,4.095872703349358540e-06,-1.323653960877149427e-01,8.171336934853090798e-14,2.261492859169495726e-13
3.700000000000001621e-01,-3.772589313867215984e-05,4.181740010931149459e-06,-1.253125796967018424e-01,8.392778361925925975e-14,2.166725713106988351e-13
3.800000000000001710e-01,-3.868790662389357844e-05,4.251399502748489729e-06,-1.177558648455411527e-01,8.604639400570110644e-14,2.070255946956708863e-13
3.900000000000001799e-01,-3.960756726347482929e-05,4.305833019411037088e-06,-1.097231492364164618e-01,8.806824782323556705e-14,1.973598439155194917e-13
4.000000000000001887e-01,-4.048466220964124895e-05,4.346361860111260889e-06,-1.012446105151470072e-01,8.999393428871005484e-14,1.878315903753399403e-13
4.100000000000001976e-01,-4.131970098142614587e-05,4.374592944718690764e-06,-9.235263990877876084e-02,9.182561949500595024e-14,1.785992317485562317e-13
4.200000000000002065e-01,-4.211394716929833728e-05,4.392352404361627382e-06,-8.308175100166238780e-02,9.356705317742971719e-14,1.698203224040031673e-13
4.300000000000002154e-01,-4.286943315354600271e-05,4.401608670907681173e-06,-7.346846284444231989e-02,9.522354447378410694e-14,1.616483622304022662e-13
4.400000000000002243e-01,-4.358895511191391897e-05,4.404387877148241449e-06,-6.355115728516960716e-02,9.680190469896992691e-14,1.542294363297069177e-13
4.500000000000002331e-01,-4.427604633087685299e-05,4.402685029977410812e-06,-5.336991111644996677e-02,9.831035617673377053e-14,1.476988163818224387e-13
4.600000000000002420e-01,-4.493492778710148636e-05,4.398374914276658274e-06,-4.296630432825489232e-02,9.975840735264417371e-14,1.421776477012517365e-13
4.700000000000002509e-01,-4.557043607877936153e-05,4.393126968074903035e-06,-3.238320642426273377e-02,1.011566956949261286e-13,1.377698526901302591e-13
4.800000000000002598e-01,-4.618792998852427645e-05,4.388328396041542803e-06,-2.166454338182681114e-02,1.025168012023268839e-13,1.345593805101794399e-13
4.900000000000002687e-01,-4.679317816388630394e-05,4.385019534552373343e-06,-1.085504839319868797e-02,1.038510346018331017e-13,1.326079238503665639e-13
5.000000000000002220e-01,-4.739223151487422333e-05,4.383844947782408520e-06,3.712308238590367182e-16,1.051722054530313404e-13,1.319532067978900168e-13
5.100000000000002309e-01,-4.799128485916159034e-05,4.385022946956270935e-06,1.085504839319943390e-02,1.064933763042295791e-13,1.326079238503665891e-13
5.200000000000002398e-01,-4.859653301577935468e-05,4.388335235321240633e-06,2.166454338182755013e-02,1.078276097037357969e-13,1.345593805101795156e-13
5.300000000000002487e-01,-4.921402689867283728e-05,4.393137261429448120e-06,3.238320642426346235e-02,1.091877152111365522e-13,1.377698526901303853e-13
5.400000000000002576e-01,-4.984953516151574581e-05,4.398388698286277207e-06,4.296630432825560703e-02,1.105860035534185071e-13,1.421776477012519385e-13
5.500000000000002665e-01,-5.050841659462648313e-05,4.402702345928699351e-06,5.336991111645068842e-02,1.120340547293289103e-13,1.476988163818226912e-13
5.600000000000002753e-01,-5.119550780472674202e-05,4.404408765404028843e-06,6.355115728517031493e-02,1.135425062070927539e-13,1.542294363297072964e-13
5.700000000000002842e-01,-5.191502977701250736e-05,4.401633164759284514e-06,7.346846284444301378e-02,1.151208664322785865e-13,1.616483622304029983e-13
5.800000000000002931e-01,-5.267051580567269875e-05,4.392380523823531428e-06,8.308175100166306781e-02,1.167773577286329763e-13,1.698203224040037732e-13
5.900000000000003020e-01,-5.346476207462624489e-05,4.374624690706105299e-06,9.235263990877941309e-02,1.185187914110567432e-13,1.785992317485565851e-13
6.000000000000003109e-01,-5.429980096822363436e-05,4.346397209384049764e-06,1.012446105151476317e-01,1.203504766173526512e-13,1.878315903753404957e-13
6.100000000000003197e-01,-5.517689607850907756e-05,4.305871920581251299e-06,1.097231492364170585e-01,1.222761630828271390e-13,1.973598439155199461e-13
6.200000000000003286e-01,-5.609655692344635140e-05,4.251441873543697984e-06,1.177558648455417217e-01,1.242980169003615996e-13,2.070255946956713659e-13
6.300000000000003375e-01,-5.705857065160263331e-05,4.181785736793486340e-06,1.253125796967023697e-01,1.264166272868034589e-13,2.166725713106996429e-13
6.400000000000003464e-01,-5.806204751311914514e-05,4.095921637341888400e-06,1.323653960877154145e-01,1.286310415575318107e-13,2.261492859169501279e-13
6.500000000000003553e-01,-5.910547663200011446e-05,3.993247126278127719e-06,1.388887392316341951e-01,1.309388249208494567e-13,2.353113321050863412e-13
6.600000000000003642e-01,-6.018678860841213623e-05,3.873564706568039925e-06,1.448593789229137285e-01,1.333361413514418975e-13,2.440232998384769718e-13
6.700000000000003730e-01,-6.130342168331300229e-05,3.737093019650119764e-06,1.502564325261236122e-01,1.358178516807666758e-13,2.521603061838103372e-13
6.800000000000003819e-01,-6.245238857163647368e-05,3.584464338104147535e-06,1.550613523642015157e-01,1.383776251315918735e-13,2.596091601983698574e-13
6.900000000000003908e-01,-6.363034156866960119e-05,3.416709434170722838e-06,1.592579009184324490e-01,1.410080607929885464e-13,2.662691964573039579e-13
7.000000000000003997e-01,-6.483363411001801457e-05,3.235231184305466338e-06,1.628321174564390239e-01,1.437008159423234768e-13,2.720528237069177854e-13
7.100000000000004086e-01,-6.605837757399332145e-05,3.041768436695539937e-06,1.657722797647634139e-01,1.464467386292211975e-13,2.768858427277972888e-13
7.200000000000004174e-01,-6.730049271695983900e-05,2.838351729806104660e-06,1.680688645723597552e-01,1.492360024986459238e-13,2.807075906752746937e-13
7.300000000000004263e-01,-6.855575569455929388e-05,2.627252430062817073e-06,1.697145100106712268e-01,1.520582424029268620e-13,2.834709681620882525e-13
7.400000000000004352e-01,-6.981983911952885640e-05,2.410926783408400251e-06,1.707039830724420837e-01,1.549026898957263806e-13,2.851424005746986311e-13
7.500000000000004441e-01,-7.108834902170695644e-05,2.191956276550530903e-06,1.710341545196853441e-01,1.577583081795470674e-13,2.857017771244049917e-13
7.600000000000004530e-01,-7.235685889539315852e-05,1.972985604637396821e-06,1.707039830724420282e-01,1.606139264633677542e-13,2.851424005746986311e-13
7.700000000000004619e-01,-7.362094223577277964e-05,1.756659463688315562e-06,1.697145100106711157e-01,1.634583739561672729e-13,2.834709681620882525e-13
7.800000000000004707e-01,-7.487620507532819869e-05,1.545559343093370642e-06,1.680688645723595886e-01,1.662806138604482111e-13,2.807075906752740373e-13
7.900000000000004796e-01,-7.611832003115549881e-05,1.342141493486743978e-06,1.657722797647631918e-01,1.690698777298729374e-13,2.768858427277969859e-13
8.000000000000004885e-01,-7.734306326488747749e-05,1.148677288294218054e-06,1.628321174564387464e-01,1.718158004167706580e-13,2.720528237069173311e-13
8.100000000000004974e-01,-7.854635554037546420e-05,9.671972756486614244e-07,1.592579009184320882e-01,1.745085555661055632e-13,2.662691964573034531e-13
8.200000000000005063e-01,-7.972430824470987869e-05,7.994403164359941675e-07,1.550613523642010716e-01,1.771389912275022361e-13,2.596091601983691001e-13
8.300000000000005151e-01,-8.087327482328244080e-05,6.468093031476264796e-07,1.502564325261230849e-01,1.796987646783274338e-13,2.521603061838095799e-13
8.400000000000005240e-01,-8.198990758180314505e-05,5.103350275816804101e-07,1.448593789229131457e-01,1.821804750076521868e-13,2.440232998384760125e-13
8.500000000000005329e-01,-8.307121924581313251e-05,3.906497854016930222e-07,1.388887392316335567e-01,1.845777914382446276e-13,2.353113321050853820e-13
8.600000000000005418e-01,-8.411464806654387119e-05,2.879722444330420385e-07,1.323653960877147207e-01,1.868855748015622736e-13,2.261492859169492949e-13
8.700000000000005507e-01,-8.511812465354643060e-05,2.021049368512523376e-07,1.253125796967016203e-01,1.890999890722906254e-13,2.166725713106983807e-13
8.800000000000005596e-01,-8.608013813876784243e-05,1.324454450339121738e-07,1.177558648455409029e-01,1.912185994587324595e-13,2.070255946956705581e-13
8.900000000000005684e-01,-8.699979877834908650e-05,7.801192837136439126e-08,1.097231492364161981e-01,1.932404532762669201e-13,1.973598439155191383e-13
9.000000000000005773e-01,-8.787689372451550616e-05,3.748308767114265492e-08,1.012446105151467157e-01,1.951661397417414079e-13,1.878315903753396879e-13
9.100000000000005862e-01,-8.871193249630040308e-05,9.252003063713421272e-09,9.235263990877845552e-02,1.969978249480372907e-13,1.785992317485559288e-13
9.200000000000005951e-01,-8.950617868417259449e-05,-8.507456579221750399e-09,8.308175100166206861e-02,1.987392586304610576e-13,1.698203224040028896e-13
9.300000000000006040e-01,-9.026166466842025992e-05,-1.776372312527365876e-08,7.346846284444197295e-02,2.003957499268154474e-13,1.616483622304020138e-13
9.400000000000006128e-01,-9.098118662678817618e-05,-2.054292936583346830e-08,6.355115728516924634e-02,2.019741101520012799e-13,1.542294363297067915e-13
9.500000000000006217e-01,-9.166827784575110342e-05,-1.884008219500179591e-08,5.336991111644959207e-02,2.034825616297651236e-13,1.476988163818222620e-13
9.600000000000006306e-01,-9.232715930197573002e-05,-1.452996649424780520e-08,4.296630432825451068e-02,2.049306128056755394e-13,1.421776477012516103e-13
9.700000000000006395e-01,-9.296266759365361197e-05,-9.282020292492205866e-09,3.238320642426235213e-02,2.063289011479574943e-13,1.377698526901300571e-13
9.800000000000006484e-01,-9.358016150339852689e-05,-4.483448259132004605e-09,2.166454338182642950e-02,2.076890066553582622e-13,1.345593805101792885e-13
9.900000000000006573e-01,-9.418540967876055437e-05,-1.174586769962289310e-09,1.085504839319830113e-02,2.090232400548644800e-13,1.326079238503665639e-13
1.000000000000000666e+00,-9.478446302974847376e-05,1.353474277289891533e-21,-7.528699885739342790e-16,2.103444109060627313e-13,1.319532067978899411e-13
1.010000000000000675e+00,-9.538351637403584755e-05,-1.177999173861977746e-09,-1.085504839319982075e-02,2.116655817572609826e-13,1.326079238503666901e-13
1.020000000000000684e+00,-9.598876453065361867e-05,-4.490287538832347724e-09,-2.166454338182793177e-02,2.129998151567672004e-13,1.345593805101796166e-13
1.030000000000000693e+00,-9.660625841354710127e-05,-9.292313647039913978e-09,-3.238320642426383011e-02,2.143599206641679684e-13,1.377698526901305872e-13
1.040000000000000702e+00,-9.724176667639000302e-05,-1.454375050386918127e-08,-4.296630432825597479e-02,2.157582090064499233e-13,1.421776477012523676e-13
1.050000000000000711e+00,-9.790064810950074034e-05,-1.885739814629100327e-08,-5.336991111645104924e-02,2.172062601823603391e-13,1.476988163818228931e-13
1.060000000000000719e+00,-9.858773931960100601e-05,-2.056381762162111102e-08,-6.355115728517066187e-02,2.187147116601241827e-13,1.542294363297075488e-13
1.070000000000000728e+00,-9.930726129188677134e-05,-1.778821697687695996e-08,-7.346846284444336073e-02,2.202930718853100153e-13,1.616483622304032255e-13
1.080000000000000737e+00,-1.000627473205469627e-04,-8.535576041123219606e-09,-8.308175100166341476e-02,2.219495631816644050e-13,1.698203224040040004e-13
1.090000000000000746e+00,-1.008569935895005089e-04,9.220257076303859635e-09,-9.235263990877976004e-02,2.236909968640881720e-13,1.785992317485569637e-13
1.100000000000000755e+00,-1.016920324830979051e-04,3.744773839836056265e-08,-1.012446105151479647e-01,2.255226820703840800e-13,1.878315903753408491e-13
1.110000000000000764e+00,-1.025691275933833416e-04,7.797302720115956316e-08,-1.097231492364173777e-01,2.274483685358585930e-13,1.973598439155205267e-13
1.120000000000000773e+00,-1.034887884383206086e-04,1.324030742387126532e-07,-1.177558648455420270e-01,2.294702223533930789e-13,2.070255946956717951e-13
1.130000000000000782e+00,-1.044508021664768973e-04,2.020592109889237943e-07,-1.253125796967026473e-01,2.315888327398349382e-13,2.166725713106999963e-13
1.140000000000000790e+00,-1.054542790279934159e-04,2.879233104405205439e-07,-1.323653960877156921e-01,2.338032470105632900e-13,2.261492859169505066e-13
1.150000000000000799e+00,-1.064977081468743852e-04,3.905978215042836597e-07,-1.388887392316344449e-01,2.361110303738809108e-13,2.353113321050869471e-13
1.160000000000000808e+00,-1.075790201232864002e-04,5.102802412143715598e-07,-1.448593789229139506e-01,2.385083468044733768e-13,2.440232998384775271e-13
1.170000000000000817e+00,-1.086956531981872731e-04,6.467519281322921437e-07,-1.502564325261238065e-01,2.409900571337981550e-13,2.521603061838108926e-13
1.180000000000000826e+00,-1.098446200865107444e-04,7.993806096782652200e-07,-1.550613523642017100e-01,2.435498305846233780e-13,2.596091601983701603e-13
1.190000000000000835e+00,-1.110225730835438720e-04,9.671355136116901292e-07,-1.592579009184326433e-01,2.461802662460200509e-13,2.662691964573042609e-13
1.200000000000000844e+00,-1.122258656248922853e-04,1.148613763476946417e-06,-1.628321174564392182e-01,2.488730213953549561e-13,2.720528237069180379e-13
1.210000000000000853e+00,-1.134506090888675922e-04,1.342076511086875783e-06,-1.657722797647635804e-01,2.516189440822527020e-13,2.768858427277974908e-13
1.220000000000000862e+00,-1.146927242318341098e-04,1.545493217976311907e-06,-1.680688645723598940e-01,2.544082079516774283e-13,2.807075906752746937e-13
1.230000000000000870e+00,-1.159479872094335646e-04,1.756592517719600976e-06,-1.697145100106713378e-01,2.572304478559583665e-13,2.834709681620884040e-13
1.240000000000000879e+00,-1.172120706344031272e-04,1.972918164374018433e-06,-1.707039830724421670e-01,2.600748953487578851e-13,2.851424005746985806e-13
1.250000000000000888e+00,-1.184805805365812272e-04,2.191888671231887781e-06,-1.710341545196853996e-01,2.629305136325785467e-13,2.857017771244049412e-13
1.260000000000000897e+00,-1.197490904102674293e-04,2.410859343145023557e-06,-1.707039830724420559e-01,2.657861319163992083e-13,2.851424005746987321e-13
1.270000000000000906e+00,-1.210131737506470504e-04,2.627185484094104393e-06,-1.697145100106711157e-01,2.686305794091987269e-13,2.834709681620882525e-13
1.280000000000000915e+00,-1.222684365902024695e-04,2.838285604689048043e-06,-1.680688645723595609e-01,2.714528193134796651e-13,2.807075906752740373e-13
1.290000000000000924e+00,-1.235105515460297831e-04,3.041703454295675130e-06,-1.657722797647631363e-01,2.742420831829043914e-13,2.768858427277967334e-13
1.300000000000000933e+00,-1.247352947797617483e-04,3.235167659488201053e-06,-1.628321174564386631e-01,2.769880058698020868e-13,2.720528237069172301e-13
1.310000000000000941e+00,-1.259385870552497350e-04,3.416647672133758530e-06,-1.592579009184319772e-01,2.796807610191369919e-13,2.662691964573032511e-13
1.320000000000000950e+00,-1.271165397595841494e-04,3.584404631346425787e-06,-1.550613523642009606e-01,2.823111966805336648e-13,2.596091601983687972e-13
1.330000000000000959e+00,-1.282655063381566980e-04,3.737035644634792416e-06,-1.502564325261229738e-01,2.848709701313588374e-13,2.521603061838094789e-13
1.340000000000000968e+00,-1.293821390966773887e-04,3.873509920200739015e-06,-1.448593789229130069e-01,2.873526804606836156e-13,2.440232998384756591e-13
1.350000000000000977e+00,-1.304634507606873626e-04,3.993195162380725397e-06,-1.388887392316333902e-01,2.897499968912760311e-13,2.353113321050851295e-13
1.360000000000000986e+00,-1.315068795814181013e-04,4.095872703349375481e-06,-1.323653960877145541e-01,2.920577802545936519e-13,2.261492859169489667e-13
1.370000000000000995e+00,-1.325103561684206743e-04,4.181740010931164706e-06,-1.253125796967014260e-01,2.942721945253220037e-13,2.166725713106981535e-13
1.380000000000001004e+00,-1.334723696536420996e-04,4.251399502748505822e-06,-1.177558648455406948e-01,2.963908049117638630e-13,2.070255946956701542e-13
1.390000000000001013e+00,-1.343920302932233573e-04,4.305833019411052334e-06,-1.097231492364159622e-01,2.984126587292982984e-13,1.973598439155187091e-13
1.400000000000001021e+00,-1.352691252393897769e-04,4.346361860111275288e-06,-1.012446105151464798e-01,3.003383451947727862e-13,1.878315903753392083e-13
1.410000000000001030e+00,-1.361041640111746603e-04,4.374592944718703470e-06,-9.235263990877820572e-02,3.021700304010686689e-13,1.785992317485554239e-13
1.420000000000001039e+00,-1.368984101990468653e-04,4.392352404361637546e-06,-8.308175100166179106e-02,3.039114640834924359e-13,1.698203224040024857e-13
1.430000000000001048e+00,-1.376538961832945171e-04,4.401608670907690490e-06,-7.346846284444168151e-02,3.055679553798468004e-13,1.616483622304016856e-13
1.440000000000001057e+00,-1.383734181416624469e-04,4.404387877148249919e-06,-6.355115728516894102e-02,3.071463156050326077e-13,1.542294363297063623e-13
1.450000000000001066e+00,-1.390605093606253877e-04,4.402685029977417588e-06,-5.336991111644927288e-02,3.086547670827964514e-13,1.476988163818219338e-13
1.460000000000001075e+00,-1.397193908168500279e-04,4.398374914276663356e-06,-4.296630432825419149e-02,3.101028182587068419e-13,1.421776477012513831e-13
1.470000000000001084e+00,-1.403548991085278963e-04,4.393126968074907270e-06,-3.238320642426201906e-02,3.115011066009887968e-13,1.377698526901299057e-13
1.480000000000001092e+00,-1.409723930182727976e-04,4.388328396041546192e-06,-2.166454338182608602e-02,3.128612121083895395e-13,1.345593805101791622e-13
1.490000000000001101e+00,-1.415776411936348251e-04,4.385019534552375884e-06,-1.085504839319794031e-02,3.141954455078957826e-13,1.326079238503664629e-13
1.500000000000001110e+00,-1.421766945446227581e-04,4.383844947782411908e-06,1.118896642005040576e-15,3.155166163590940339e-13,1.319532067978900673e-13
1.510000000000001119e+00,-1.427757478889101319e-04,4.385022946956276017e-06,1.085504839320017810e-02,3.168377872102922852e-13,1.326079238503667911e-13
1.520000000000001128e+00,-1.433809960455279030e-04,4.388335235321247409e-06,2.166454338182829259e-02,3.181720206097985282e-13,1.345593805101796671e-13
1.530000000000001137e+00,-1.439984899284213991e-04,4.393137261429455743e-06,3.238320642426419094e-02,3.195321261171992709e-13,1.377698526901308649e-13
1.540000000000001146e+00,-1.446339981912643144e-04,4.398388698286284830e-06,4.296630432825633561e-02,3.209304144594812258e-13,1.421776477012524686e-13
1.550000000000001155e+00,-1.452928796243750653e-04,4.402702345928706127e-06,5.336991111645139618e-02,3.223784656353916164e-13,1.476988163818232465e-13
1.560000000000001164e+00,-1.459799708344753310e-04,4.404408765404034773e-06,6.355115728517100882e-02,3.238869171131554600e-13,1.542294363297078770e-13
1.570000000000001172e+00,-1.466994928067611099e-04,4.401633164759289596e-06,7.346846284444369379e-02,3.254652773383412673e-13,1.616483622304036799e-13
1.580000000000001181e+00,-1.474549788354213148e-04,4.392380523823534817e-06,8.308175100166373395e-02,3.271217686346956823e-13,1.698203224040043790e-13
1.590000000000001190e+00,-1.482492251043748745e-04,4.374624690706109534e-06,9.235263990878005147e-02,3.288632023171194493e-13,1.785992317485572919e-13
1.600000000000001199e+00,-1.490842639979722572e-04,4.346397209384052305e-06,1.012446105151482284e-01,3.306948875234153321e-13,1.878315903753411773e-13
1.610000000000001208e+00,-1.499613591082576936e-04,4.305871920581252146e-06,1.097231492364176275e-01,3.326205739888898199e-13,1.973598439155206529e-13
1.620000000000001217e+00,-1.508810199531949742e-04,4.251441873543700525e-06,1.177558648455422630e-01,3.346424278064243057e-13,2.070255946956722747e-13
1.630000000000001226e+00,-1.518430336813512494e-04,4.181785736793489728e-06,1.253125796967028971e-01,3.367610381928661650e-13,2.166725713107002487e-13
1.640000000000001235e+00,-1.528465105428677680e-04,4.095921637341892635e-06,1.323653960877159141e-01,3.389754524635945168e-13,2.261492859169508852e-13
1.650000000000001243e+00,-1.538899396617487373e-04,3.993247126278131107e-06,1.388887392316346392e-01,3.412832358269121881e-13,2.353113321050870985e-13
1.660000000000001252e+00,-1.549712516381607523e-04,3.873564706568040772e-06,1.448593789229141171e-01,3.436805522575046541e-13,2.440232998384778300e-13
1.670000000000001261e+00,-1.560878847130616387e-04,3.737093019650118494e-06,1.502564325261239453e-01,3.461622625868294323e-13,2.521603061838112460e-13
1.680000000000001270e+00,-1.572368516013851101e-04,3.584464338104143723e-06,1.550613523642017932e-01,3.487220360376546553e-13,2.596091601983703623e-13
1.690000000000001279e+00,-1.584148045984182240e-04,3.416709434170719449e-06,1.592579009184326988e-01,3.513524716990513282e-13,2.662691964573044628e-13
1.700000000000001288e+00,-1.596180971397666510e-04,3.235231184305463374e-06,1.628321174564392460e-01,3.540452268483862334e-13,2.720528237069182398e-13
1.710000000000001297e+00,-1.608428406037419578e-04,3.041768436695536549e-06,1.657722797647635804e-01,3.567911495352839793e-13,2.768858427277976927e-13
1.720000000000001306e+00,-1.620849557467084754e-04,2.838351729806100001e-06,1.680688645723598662e-01,3.595804134047087056e-13,2.807075906752748956e-13
1.730000000000001315e+00,-1.633402187243079167e-04,2.627252430062811144e-06,1.697145100106712823e-01,3.624026533089896438e-13,2.834709681620884545e-13
1.740000000000001323e+00,-1.646043021492774657e-04,2.410926783408394745e-06,1.707039830724420837e-01,3.652471008017891624e-13,2.851424005746987826e-13
1.750000000000001332e+00,-1.658728120514555522e-04,2.191956276550526244e-06,1.710341545196852886e-01,3.681027190856098240e-13,2.857017771244046888e-13
1.760000000000001341e+00,-1.671413219251417543e-04,1.972985604637390045e-06,1.707039830724419172e-01,3.709583373694304856e-13,2.851424005746983787e-13
1.770000000000001350e+00,-1.684054052655213618e-04,1.756659463688310903e-06,1.697145100106709492e-01,3.738027848622300042e-13,2.834709681620881516e-13
1.780000000000001359e+00,-1.696606681050767944e-04,1.545559343093367465e-06,1.680688645723593666e-01,3.766250247665109424e-13,2.807075906752738859e-13
1.790000000000001368e+00,-1.709027830609041081e-04,1.342141493486740802e-06,1.657722797647629143e-01,3.794142886359356687e-13,2.768858427277965820e-13
1.800000000000001377e+00,-1.721275262946360732e-04,1.148677288294215937e-06,1.628321174564384133e-01,3.821602113228333641e-13,2.720528237069169777e-13
1.810000000000001386e+00,-1.733308185701240599e-04,9.671972756486603656e-07,1.592579009184316996e-01,3.848529664721682692e-13,2.662691964573027967e-13
1.820000000000001394e+00,-1.745087712744584744e-04,7.994403164359926852e-07,1.550613523642006553e-01,3.874834021335649421e-13,2.596091601983685952e-13
1.830000000000001403e+00,-1.756577378530310230e-04,6.468093031476271149e-07,1.502564325261226408e-01,3.900431755843901147e-13,2.521603061838091255e-13
1.840000000000001412e+00,-1.767743706115517137e-04,5.103350275816826336e-07,1.448593789229126738e-01,3.925248859137148929e-13,2.440232998384753057e-13
1.850000000000001421e+00,-1.778556822755616876e-04,3.906497854016976279e-07,1.388887392316330294e-01,3.949222023443073084e-13,2.353113321050849276e-13
1.860000000000001430e+00,-1.788991110962924263e-04,2.879722444330495030e-07,1.323653960877141655e-01,3.972299857076249292e-13,2.261492859169486133e-13
1.870000000000001439e+00,-1.799025876832949992e-04,2.021049368512615756e-07,1.253125796967010097e-01,3.994443999783532810e-13,2.166725713106978254e-13
1.880000000000001448e+00,-1.808646011685164246e-04,1.324454450339213058e-07,1.177558648455402646e-01,4.015630103647951403e-13,2.070255946956696241e-13
1.890000000000001457e+00,-1.817842618080976822e-04,7.801192837137545562e-08,1.097231492364155181e-01,4.035848641823295757e-13,1.973598439155183305e-13
1.900000000000001465e+00,-1.826613567542641019e-04,3.748308767115325606e-08,1.012446105151460080e-01,4.055105506478040635e-13,1.878315903753389811e-13
1.910000000000001474e+00,-1.834963955260489853e-04,9.252003063725756189e-09,9.235263990877770612e-02,4.073422358540999462e-13,1.785992317485551715e-13
1.920000000000001483e+00,-1.842906417139211631e-04,-8.507456579207886852e-09,8.308175100166129146e-02,4.090836695365237132e-13,1.698203224040020566e-13
1.930000000000001492e+00,-1.850461276981688150e-04,-1.776372312525919303e-08,7.346846284444118191e-02,4.107401608328780777e-13,1.616483622304012565e-13
1.940000000000001501e+00,-1.857656496565367177e-04,-2.054292936581824486e-08,6.355115728516844142e-02,4.123185210580638850e-13,1.542294363297060847e-13
1.950000000000001510e+00,-1.864527408754996585e-04,-1.884008219498494790e-08,5.336991111644875940e-02,4.138269725358277287e-13,1.476988163818217571e-13
1.960000000000001519e+00,-1.871116223317242987e-04,-1.452996649423071895e-08,4.296630432825366414e-02,4.152750237117381192e-13,1.421776477012510297e-13
1.970000000000001528e+00,-1.877471306234021670e-04,-9.282020292475068338e-09,3.238320642426148477e-02,4.166733120540200741e-13,1.377698526901297037e-13
1.980000000000001537e+00,-1.883646245331470684e-04,-4.483448259114848879e-09,2.166454338182555173e-02,4.180334175614208168e-13,1.345593805101790360e-13
1.990000000000001545e+00,-1.889698727085090959e-04,-1.174586769946700678e-09,1.085504839319742162e-02,4.193676509609270599e-13,1.326079238503663619e-13
2.000000000000001332e+00,-1.895689260594970017e-04,1.776701237702648143e-20,-1.637578961322105897e-15,4.206888218121253112e-13,1.319532067978900926e-13
2.010000000000001119e+00,-1.901679794037843755e-04,-1.177999173845469496e-09,-1.085504839320069158e-02,4.220099926633235625e-13,1.326079238503667911e-13
2.020000000000000906e+00,-1.907732275604021466e-04,-4.490287538816002635e-09,-2.166454338182880260e-02,4.233442260628298055e-13,1.345593805101796924e-13
2.030000000000000693e+00,-1.913907214432956428e-04,-9.292313647023360440e-09,-3.238320642426470441e-02,4.247043315702305482e-13,1.377698526901305115e-13
2.040000000000000480e+00,-1.920262297061385581e-04,-1.454375050385142832e-08,-4.296630432825684909e-02,4.261026199125125031e-13,1.421776477012520647e-13
2.050000000000000266e+00,-1.926851111392493090e-04,-1.885739814627294095e-08,-5.336991111645192354e-02,4.275506710884228937e-13,1.476988163818227164e-13
2.060000000000000053e+00,-1.933722023493495746e-04,-2.056381762160202631e-08,-6.355115728517156393e-02,4.290591225661867373e-13,1.542294363297070439e-13
2.069999999999999840e+00,-1.940917243216353264e-04,-1.778821697685782231e-08,-7.346846284444429054e-02,4.306374827913725446e-13,1.616483622304024934e-13
2.079999999999999627e+00,-1.948472103502955043e-04,-8.535576041104240774e-09,-8.308175100166435845e-02,4.322939740877269092e-13,1.698203224040030916e-13
2.089999999999999414e+00,-1.956414566192490369e-04,9.220257076323106474e-09,-9.235263990878074536e-02,4.340354077701506761e-13,1.785992317485560802e-13
2.099999999999999201e+00,-1.964764955128464195e-04,3.744773839837990544e-08,-1.012446105151490194e-01,4.358670929764465589e-13,1.878315903753393092e-13
2.109999999999998987e+00,-1.973535906231318560e-04,7.797302720117917727e-08,-1.097231492364185018e-01,4.377927794419210467e-13,1.973598439155187596e-13
2.119999999999998774e+00,-1.982732514680691095e-04,1.324030742387311026e-07,-1.177558648455432483e-01,4.398146332594554820e-13,2.070255946956698513e-13
2.129999999999998561e+00,-1.992352651962253846e-04,2.020592109889413437e-07,-1.253125796967039796e-01,4.419332436458973414e-13,2.166725713106978506e-13
2.139999999999998348e+00,-2.002387420577418761e-04,2.879233104405381198e-07,-1.323653960877171354e-01,4.441476579166256931e-13,2.261492859169482599e-13
2.149999999999998135e+00,-2.012821711766228454e-04,3.905978215042986945e-07,-1.388887392316360270e-01,4.464554412799433139e-13,2.353113321050843722e-13
2.159999999999997922e+00,-2.023634831530348604e-04,5.102802412143875475e-07,-1.448593789229156714e-01,4.488527577105357294e-13,2.440232998384749523e-13
2.169999999999997708e+00,-2.034801162279357197e-04,6.467519281323069668e-07,-1.502564325261256939e-01,4.513344680398604572e-13,2.521603061838082672e-13
2.179999999999997495e+00,-2.046290831162591640e-04,7.993806096782772902e-07,-1.550613523642037916e-01,4.538942414906856297e-13,2.596091601983675855e-13
2.189999999999997282e+00,-2.058070361132922780e-04,9.671355136117005054e-07,-1.592579009184349192e-01,4.565246771520822521e-13,2.662691964573021909e-13
2.199999999999997069e+00,-2.070103286546406778e-04,1.148613763476958063e-06,-1.628321174564417162e-01,4.592174323014171068e-13,2.720528237069160689e-13
2.209999999999996856e+00,-2.082350721186159847e-04,1.342076511086884888e-06,-1.657722797647663282e-01,4.619633549883148022e-13,2.768858427277957742e-13
2.219999999999996643e+00,-2.094771872615825022e-04,1.545493217976321860e-06,-1.680688645723628916e-01,4.647526188577394780e-13,2.807075906752734315e-13
2.229999999999996430e+00,-2.107324502391819435e-04,1.756592517719612835e-06,-1.697145100106746407e-01,4.675748587620203657e-13,2.834709681620874952e-13
2.239999999999996216e+00,-2.119965336641514925e-04,1.972918164374033680e-06,-1.707039830724457474e-01,4.704193062548198339e-13,2.851424005746979748e-13
2.249999999999996003e+00,-2.132650435663295790e-04,2.191888671231905569e-06,-1.710341545196892854e-01,4.732749245386404954e-13,2.857017771244047898e-13
2.259999999999995790e+00,-2.145335534400157811e-04,2.410859343145046851e-06,-1.707039830724462470e-01,4.761305428224611570e-13,2.851424005746992370e-13
2.269999999999995577e+00,-2.157976367803953886e-04,2.627185484094133192e-06,-1.697145100106756399e-01,4.789749903152607261e-13,2.834709681620891108e-13
2.279999999999995364e+00,-2.170528996199508212e-04,2.838285604689085312e-06,-1.680688645723644459e-01,4.817972302195417148e-13,2.807075906752758549e-13
2.289999999999995151e+00,-2.182950145757781349e-04,3.041703454295723410e-06,-1.657722797647683821e-01,4.845864940889664916e-13,2.768858427277992073e-13
2.299999999999994937e+00,-2.195197578095101272e-04,3.235167659488259922e-06,-1.628321174564442975e-01,4.873324167758642880e-13,2.720528237069202593e-13
2.309999999999994724e+00,-2.207230500849981139e-04,3.416647672133829681e-06,-1.592579009184380001e-01,4.900251719251992436e-13,2.662691964573070376e-13
2.319999999999994511e+00,-2.219010027893325283e-04,3.584404631346508797e-06,-1.550613523642073721e-01,4.926556075865959670e-13,2.596091601983732400e-13
2.329999999999994298e+00,-2.230499693679051040e-04,3.737035644634891096e-06,-1.502564325261297740e-01,4.952153810374211900e-13,2.521603061838147296e-13
2.339999999999994085e+00,-2.241666021264258218e-04,3.873509920200849977e-06,-1.448593789229201956e-01,4.976970913667459683e-13,2.440232998384816671e-13
2.349999999999993872e+00,-2.252479137904358228e-04,3.993195162380852452e-06,-1.388887392316409675e-01,5.000944077973384343e-13,2.353113321050918443e-13
2.359999999999993658e+00,-2.262913426111665886e-04,4.095872703349516936e-06,-1.323653960877225200e-01,5.024021911606561056e-13,2.261492859169556310e-13
2.369999999999993445e+00,-2.272948191981691887e-04,4.181740010931321407e-06,-1.253125796967097805e-01,5.046166054313845078e-13,2.166725713107055499e-13
2.379999999999993232e+00,-2.282568326833906412e-04,4.251399502748676076e-06,-1.177558648455494239e-01,5.067352158178264681e-13,2.070255946956778030e-13
2.389999999999993019e+00,-2.291764933229719259e-04,4.305833019411236987e-06,-1.097231492364250660e-01,5.087570696353610044e-13,1.973598439155264337e-13
2.399999999999992806e+00,-2.300535882691383727e-04,4.346361860111471800e-06,-1.012446105151559167e-01,5.106827561008355427e-13,1.878315903753469580e-13
2.409999999999992593e+00,-2.308886270409233102e-04,4.374592944718912687e-06,-9.235263990878797569e-02,5.125144413071315265e-13,1.785992317485633504e-13
2.419999999999992379e+00,-2.316828732287955423e-04,4.392352404361856081e-06,-8.308175100167188021e-02,5.142558749895553439e-13,1.698203224040098569e-13
2.429999999999992166e+00,-2.324383592130432484e-04,4.401608670907916648e-06,-7.346846284445207598e-02,5.159123662859097589e-13,1.616483622304086276e-13
2.439999999999991953e+00,-2.331578811714112053e-04,4.404387877148482006e-06,-6.355115728517958529e-02,5.174907265110956672e-13,1.542294363297129257e-13
2.449999999999991740e+00,-2.338449723903741732e-04,4.402685029977653911e-06,-5.336991111646013919e-02,5.189991779888595613e-13,1.476988163818276641e-13
2.459999999999991527e+00,-2.345038538465988134e-04,4.398374914276903066e-06,-4.296630432826523127e-02,5.204472291647700529e-13,1.421776477012562804e-13
2.469999999999991314e+00,-2.351393621382767089e-04,4.393126968075148675e-06,-3.238320642427321844e-02,5.218455175070520582e-13,1.377698526901336417e-13
2.479999999999991100e+00,-2.357568560480216373e-04,4.388328396041788443e-06,-2.166454338183739989e-02,5.232056230144528514e-13,1.345593805101818381e-13
2.489999999999990887e+00,-2.363621042233836648e-04,4.385019534552618136e-06,-1.085504839320935652e-02,5.245398564139590945e-13,1.326079238503679270e-13
2.499999999999990674e+00,-2.369611575743715978e-04,4.383844947782651618e-06,-1.031986995858602540e-14,5.258610272651572953e-13,1.319532067978900421e-13
2.509999999999990461e+00,-2.375602109186589715e-04,4.385022946956513186e-06,1.085504839318876535e-02,5.271821981163554961e-13,1.326079238503654784e-13
2.519999999999990248e+00,-2.381654590752767156e-04,4.388335235321481190e-06,2.166454338181694750e-02,5.285164315158617392e-13,1.345593805101768398e-13
2.529999999999990035e+00,-2.387829529581701846e-04,4.393137261429686983e-06,3.238320642425297075e-02,5.298765370232624314e-13,1.377698526901263463e-13
2.539999999999989821e+00,-2.394184612210130728e-04,4.398388698286515223e-06,4.296630432824528195e-02,5.312748253655443358e-13,1.421776477012469150e-13
2.549999999999989608e+00,-2.400773426541237966e-04,4.402702345928940755e-06,5.336991111644057151e-02,5.327228765414547263e-13,1.476988163818162036e-13
2.559999999999989395e+00,-2.407644338642240080e-04,4.404408765404275330e-06,6.355115728516046170e-02,5.342313280192185195e-13,1.542294363296997485e-13
2.569999999999989182e+00,-2.414839558365097327e-04,4.401633164759536930e-06,7.346846284443347974e-02,5.358096882444042258e-13,1.616483622303941378e-13
2.579999999999988969e+00,-2.422394418651698834e-04,4.392380523823791468e-06,8.308175100165389459e-02,5.374661795407585399e-13,1.698203224039938020e-13
2.589999999999988756e+00,-2.430336881341233889e-04,4.374624690706374655e-06,9.235263990877064233e-02,5.392076132231822563e-13,1.785992317485460333e-13
2.599999999999988542e+00,-2.438687270277207445e-04,4.346397209384330979e-06,1.012446105151393327e-01,5.410392984294780381e-13,1.878315903753297167e-13
2.609999999999988329e+00,-2.447458221380061538e-04,4.305871920581546067e-06,1.097231492364092731e-01,5.429649848949523745e-13,1.973598439155083088e-13
2.619999999999988116e+00,-2.456654829829433531e-04,4.251441873544008845e-06,1.177558648455344914e-01,5.449868387124867089e-13,2.070255946956595267e-13
2.629999999999987903e+00,-2.466274967110995741e-04,4.181785736793814142e-06,1.253125796966957362e-01,5.471054490989284672e-13,2.166725713106875260e-13
2.639999999999987690e+00,-2.476309735726160114e-04,4.095921637342238224e-06,1.323653960877094471e-01,5.493198633696566675e-13,2.261492859169385916e-13
2.649999999999987477e+00,-2.486744026914969536e-04,3.993247126278496178e-06,1.388887392316289215e-01,5.516276467329742378e-13,2.353113321050745272e-13
2.659999999999987264e+00,-2.497557146679089415e-04,3.873564706568427019e-06,1.448593789229091766e-01,5.540249631635666029e-13,2.440232998384656122e-13
2.669999999999987050e+00,-2.508723477428097736e-04,3.737093019650525070e-06,1.502564325261198375e-01,5.565066734928912801e-13,2.521603061838001893e-13
2.679999999999986837e+00,-2.520213146311332179e-04,3.584464338104571475e-06,1.550613523641985736e-01,5.590664469437164022e-13,2.596091601983603658e-13
2.689999999999986624e+00,-2.531992676281662777e-04,3.416709434171164989e-06,1.592579009184303673e-01,5.616968826051130246e-13,2.662691964572950217e-13
2.699999999999986411e+00,-2.544025601695146504e-04,3.235231184305921619e-06,1.628321174564378304e-01,5.643896377544478792e-13,2.720528237069103638e-13
2.709999999999986198e+00,-2.556273036334899573e-04,3.041768436696006229e-06,1.657722797647631363e-01,5.671355604413455746e-13,2.768858427277910284e-13
2.719999999999985985e+00,-2.568694187764564477e-04,2.838351729806579422e-06,1.680688645723604213e-01,5.699248243107702505e-13,2.807075906752699479e-13
2.729999999999985771e+00,-2.581246817540558619e-04,2.627252430063295646e-06,1.697145100106728366e-01,5.727470642150511382e-13,2.834709681620850214e-13
2.739999999999985558e+00,-2.593887651790253838e-04,2.410926783408880095e-06,1.707039830724446927e-01,5.755915117078506063e-13,2.851424005746970155e-13
2.749999999999985345e+00,-2.606572750812034974e-04,2.191956276551008206e-06,1.710341545196889523e-01,5.784471299916712679e-13,2.857017771244049412e-13
2.759999999999985132e+00,-2.619257849548896995e-04,1.972985604637866077e-06,1.707039830724466356e-01,5.813027482754919295e-13,2.851424005747001457e-13
2.769999999999984919e+00,-2.631898682952693341e-04,1.756659463688776136e-06,1.697145100106767224e-01,5.841471957682914986e-13,2.834709681620917362e-13
2.779999999999984706e+00,-2.644451311348247667e-04,1.545559343093816816e-06,1.680688645723662222e-01,5.869694356725724872e-13,2.807075906752793890e-13
2.789999999999984492e+00,-2.656872460906521075e-04,1.342141493487171306e-06,1.657722797647708524e-01,5.897586995419972641e-13,2.768858427278043065e-13
2.799999999999984279e+00,-2.669119893243841269e-04,1.148677288294624630e-06,1.628321174564474338e-01,5.925046222288950604e-13,2.720528237069261158e-13
2.809999999999984066e+00,-2.681152815998721407e-04,9.671972756490434362e-07,1.592579009184418026e-01,5.951973773782300161e-13,2.662691964573136010e-13
2.819999999999983853e+00,-2.692932343042066094e-04,7.994403164363475920e-07,1.550613523642118408e-01,5.978278130396268404e-13,2.596091601983807626e-13
2.829999999999983640e+00,-2.704422008827792392e-04,6.468093031479509991e-07,1.502564325261348810e-01,6.003875864904521644e-13,2.521603061838229590e-13
2.839999999999983427e+00,-2.715588336413000113e-04,5.103350275819741188e-07,1.448593789229259410e-01,6.028692968197770436e-13,2.440232998384908052e-13
2.849999999999983213e+00,-2.726401453053100394e-04,3.906497854019537495e-07,1.388887392316473512e-01,6.052666132503696106e-13,2.353113321051011339e-13
2.859999999999983000e+00,-2.736835741260408594e-04,2.879722444332719021e-07,1.323653960877294866e-01,6.075743966136873829e-13,2.261492859169656022e-13
2.869999999999982787e+00,-2.746870507130434865e-04,2.021049368514508610e-07,1.253125796967172745e-01,6.097888108844158861e-13,2.166725713107160007e-13
2.879999999999982574e+00,-2.756490641982649661e-04,1.324454450340790392e-07,1.177558648455574453e-01,6.119074212708579473e-13,2.070255946956879005e-13
2.889999999999982361e+00,-2.765687248378463051e-04,7.801192837150378112e-08,1.097231492364335731e-01,6.139292750883925847e-13,1.973598439155366825e-13
2.899999999999982148e+00,-2.774458197840127789e-04,3.748308767125492649e-08,1.012446105151648956e-01,6.158549615538672239e-13,1.878315903753574846e-13
2.909999999999981934e+00,-2.782808585557977436e-04,9.252003063802111577e-09,9.235263990879735707e-02,6.176866467601633086e-13,1.785992317485728672e-13
2.919999999999981721e+00,-2.790751047436700028e-04,-8.507456579153031543e-09,8.308175100168165017e-02,6.194280804425872271e-13,1.698203224040189445e-13
2.929999999999981508e+00,-2.798305907279177631e-04,-1.776372312522180446e-08,7.346846284446219288e-02,6.210845717389417430e-13,1.616483622304168318e-13
2.939999999999981295e+00,-2.805501126862857742e-04,-2.054292936579141443e-08,6.355115728519000751e-02,6.226629319641277523e-13,1.542294363297203978e-13
2.949999999999981082e+00,-2.812372039052487421e-04,-1.884008219496621391e-08,5.336991111647082509e-02,6.241713834418917474e-13,1.476988163818339750e-13
2.959999999999980869e+00,-2.818960853614734365e-04,-1.452996649421719620e-08,4.296630432827614615e-02,6.256194346178022389e-13,1.421776477012615058e-13
2.969999999999980655e+00,-2.825315936531513591e-04,-9.282020292461990613e-09,3.238320642428429985e-02,6.270177229600842443e-13,1.377698526901377816e-13
2.979999999999980442e+00,-2.831490875628962876e-04,-4.483448259100323588e-09,2.166454338184859579e-02,6.283778284674850375e-13,1.345593805101845896e-13
2.989999999999980229e+00,-2.837543357382583151e-04,-1.174586769927970827e-09,1.085504839322061835e-02,6.297120618669912806e-13,1.326079238503692144e-13
2.999999999999980016e+00,-2.843533890892462209e-04,4.187064183651543136e-20,2.160945034024308598e-14,6.310332327181895823e-13,1.319532067978901178e-13
3.009999999999979803e+00,-2.849524424335335947e-04,-1.177999173816272916e-09,-1.085504839317748965e-02,6.323544035693877831e-13,1.326079238503639133e-13
3.019999999999979590e+00,-2.855576905901513387e-04,-4.490287538783190862e-09,-2.166454338180574118e-02,6.336886369688939252e-13,1.345593805101741388e-13
3.029999999999979376e+00,-2.861751844730448077e-04,-9.292313646987507123e-09,-3.238320642424189627e-02,6.350487424762946174e-13,1.377698526901222316e-13
3.039999999999979163e+00,-2.868106927358876688e-04,-1.454375050381791427e-08,-4.296630432823436707e-02,6.364470308185765219e-13,1.421776477012416391e-13
3.049999999999978950e+00,-2.874695741689983655e-04,-1.885739814624350325e-08,-5.336991111642987173e-02,6.378950819944868114e-13,1.476988163818097160e-13
3.059999999999978737e+00,-2.881566653790985769e-04,-2.056381762158075453e-08,-6.355115728515002560e-02,6.394035334722505036e-13,1.542294363296923269e-13
3.069999999999978524e+00,-2.888761873513842745e-04,-1.778821697684801195e-08,-7.346846284442334896e-02,6.409818936974362100e-13,1.616483622303857317e-13
3.079999999999978311e+00,-2.896316733800443710e-04,-8.535576041109799428e-09,-8.308175100164411075e-02,6.426383849937904230e-13,1.698203224039847143e-13
3.089999999999978098e+00,-2.904259196489978223e-04,9.220257076297592915e-09,-9.235263990876124707e-02,6.443798186762140385e-13,1.785992317485363650e-13
3.099999999999977884e+00,-2.912609585425951237e-04,3.744773839833007608e-08,-1.012446105151303538e-01,6.462115038825097193e-13,1.878315903753196445e-13
3.109999999999977671e+00,-2.921380536528804788e-04,7.797302720110020468e-08,-1.097231492364007660e-01,6.481371903479839547e-13,1.973598439154983881e-13
3.119999999999977458e+00,-2.930577144978176781e-04,1.324030742386214383e-07,-1.177558648455264839e-01,6.501590441655181881e-13,2.070255946956490506e-13
3.129999999999977245e+00,-2.940197282259738448e-04,2.020592109887975599e-07,-1.253125796966882421e-01,6.522776545519598455e-13,2.166725713106773023e-13
3.139999999999977032e+00,-2.950232050874902821e-04,2.879233104403578077e-07,-1.323653960877025082e-01,6.544920688226879448e-13,2.261492859169285447e-13
3.149999999999976819e+00,-2.960666342063711701e-04,3.905978215040804777e-07,-1.388887392316225655e-01,6.567998521860054141e-13,2.353113321050652376e-13
3.159999999999976605e+00,-2.971479461827831038e-04,5.102802412141313201e-07,-1.448593789229034312e-01,6.591971686165976782e-13,2.440232998384565750e-13
3.169999999999976392e+00,-2.982645792576838818e-04,6.467519281320171756e-07,-1.502564325261147027e-01,6.616788789459222545e-13,2.521603061837915560e-13
3.179999999999976179e+00,-2.994135461460072718e-04,7.993806096779549942e-07,-1.550613523641940772e-01,6.642386523967472756e-13,2.596091601983527423e-13
3.189999999999975966e+00,-3.005914991430403316e-04,9.671355136113496220e-07,-1.592579009184265371e-01,6.668690880581437970e-13,2.662691964572885089e-13
3.199999999999975753e+00,-3.017947916843887043e-04,1.148613763476578804e-06,-1.628321174564346663e-01,6.695618432074785507e-13,2.720528237069045073e-13
3.209999999999975540e+00,-3.030195351483639570e-04,1.342076511086483183e-06,-1.657722797647606383e-01,6.723077658943761451e-13,2.768858427277865351e-13
3.219999999999975326e+00,-3.042616502913304474e-04,1.545493217975901308e-06,-1.680688645723586172e-01,6.750970297638008209e-13,2.807075906752665148e-13
3.229999999999975113e+00,-3.055169132689298617e-04,1.756592517719179577e-06,-1.697145100106717541e-01,6.779192696680817087e-13,2.834709681620827999e-13
3.239999999999974900e+00,-3.067809966938993835e-04,1.972918164373591105e-06,-1.707039830724442764e-01,6.807637171608811768e-13,2.851424005746960563e-13
3.249999999999974687e+00,-3.080495065960774971e-04,2.191888671231461724e-06,-1.710341545196892576e-01,6.836193354447018384e-13,2.857017771244050422e-13
3.259999999999974474e+00,-3.093180164697636992e-04,2.410859343144604699e-06,-1.707039830724476626e-01,6.864749537285224999e-13,2.851424005747013069e-13
3.269999999999974261e+00,-3.105820998101433339e-04,2.627185484093701205e-06,-1.697145100106784710e-01,6.893194012213220690e-13,2.834709681620941091e-13
3.279999999999974047e+00,-3.118373626496987665e-04,2.838285604688666878e-06,-1.680688645723686370e-01,6.921416411256030577e-13,2.807075906752828726e-13
3.289999999999973834e+00,-3.130794776055261072e-04,3.041703454295322764e-06,-1.657722797647739610e-01,6.949309049950279355e-13,2.768858427278087494e-13
3.299999999999973621e+00,-3.143042208392581266e-04,3.235167659487882569e-06,-1.628321174564512364e-01,6.976768276819258329e-13,2.720528237069316694e-13
3.309999999999973408e+00,-3.155075131147461946e-04,3.416647672133479857e-06,-1.592579009184462713e-01,7.003695828312608895e-13,2.662691964573205682e-13
3.319999999999973195e+00,-3.166854658190806633e-04,3.584404631346191583e-06,-1.550613523642169755e-01,7.030000184926577138e-13,2.596091601983884871e-13
3.329999999999972982e+00,-3.178344323976532932e-04,3.737035644634607340e-06,-1.502564325261406541e-01,7.055597919434831388e-13,2.521603061838310369e-13
3.339999999999972768e+00,-3.189510651561740652e-04,3.873509920200602643e-06,-1.448593789229323248e-01,7.080415022728081190e-13,2.440232998384997919e-13
3.349999999999972555e+00,-3.200323768201841475e-04,3.993195162380639847e-06,-1.388887392316542901e-01,7.104388187034007869e-13,2.353113321051107770e-13
3.359999999999972342e+00,-3.210758056409149675e-04,4.095872703349340753e-06,-1.323653960877370084e-01,7.127466020667186602e-13,2.261492859169757249e-13
3.369999999999972129e+00,-3.220792822279176489e-04,4.181740010931180799e-06,-1.253125796967253791e-01,7.149610163374472644e-13,2.166725713107261486e-13
3.379999999999971916e+00,-3.230412957131391827e-04,4.251399502748568503e-06,-1.177558648455660772e-01,7.170796267238894266e-13,2.070255946956987047e-13
3.389999999999971703e+00,-3.239609563527205758e-04,4.305833019411160754e-06,-1.097231492364427047e-01,7.191014805414241649e-13,1.973598439155469314e-13
3.399999999999971489e+00,-3.248380512988871039e-04,4.346361860111423519e-06,-1.012446105151744852e-01,7.210271670068989051e-13,1.878315903753667237e-13
3.409999999999971276e+00,-3.256730900706721228e-04,4.374592944718888123e-06,-9.235263990880739071e-02,7.228588522131950908e-13,1.785992317485826869e-13
3.419999999999971063e+00,-3.264673362585444362e-04,4.392352404361851846e-06,-8.308175100169207239e-02,7.246002858956191102e-13,1.698203224040280575e-13
3.429999999999970850e+00,-3.272228222427921965e-04,4.401608670907928506e-06,-7.346846284447294817e-02,7.262567771919737272e-13,1.616483622304251621e-13
3.439999999999970637e+00,-3.279423442011602076e-04,4.404387877148505723e-06,-6.355115728520108198e-02,7.278351374171597364e-13,1.542294363297278699e-13
3.449999999999970424e+00,-3.286294354201232297e-04,4.402685029977684404e-06,-5.336991111648216324e-02,7.293435888949237315e-13,1.476988163818404374e-13
3.459999999999970210e+00,-3.292883168763479241e-04,4.398374914276936948e-06,-4.296630432828768553e-02,7.307916400708343240e-13,1.421776477012668322e-13
3.469999999999969997e+00,-3.299238251680258467e-04,4.393126968075183403e-06,-3.238320642429602658e-02,7.321899284131164304e-13,1.377698526901416691e-13
3.479999999999969784e+00,-3.305413190777708294e-04,4.388328396041821477e-06,-2.166454338186044742e-02,7.335500339205173246e-13,1.345593805101873664e-13
3.489999999999969571e+00,-3.311465672531328569e-04,4.385019534552647782e-06,-1.085504839323254804e-02,7.348842673200235676e-13,1.326079238503707543e-13
3.499999999999969358e+00,-3.317456206041207627e-04,4.383844947782675335e-06,-3.357557287753110131e-14,7.362054381712218694e-13,1.319532067978900926e-13
3.509999999999969145e+00,-3.323446739484081365e-04,4.385022946956531821e-06,1.085504839316555822e-02,7.375266090224200702e-13,1.326079238503627268e-13
3.519999999999968932e+00,-3.329499221050258805e-04,4.388335235321497284e-06,2.166454338179386527e-02,7.388608424219262123e-13,1.345593805101713367e-13
3.529999999999968718e+00,-3.335674159879192953e-04,4.393137261429702229e-06,3.238320642423013485e-02,7.402209479293269045e-13,1.377698526901181926e-13
3.539999999999968505e+00,-3.342029242507621564e-04,4.398388698286533010e-06,4.296630432822277912e-02,7.416192362716087079e-13,1.421776477012361865e-13
3.549999999999968292e+00,-3.348618056838727989e-04,4.402702345928961084e-06,5.336991111641847807e-02,7.430672874475188965e-13,1.476988163818031526e-13
3.559999999999968079e+00,-3.355488968939729561e-04,4.404408765404302435e-06,6.355115728513889561e-02,7.445757389252824877e-13,1.542294363296844257e-13
3.569999999999967866e+00,-3.362684188662585995e-04,4.401633164759575893e-06,7.346846284441251040e-02,7.461540991504680931e-13,1.616483622303773256e-13
3.579999999999967653e+00,-3.370239048949186418e-04,4.392380523823844831e-06,8.308175100163361915e-02,7.478105904468222052e-13,1.698203224039760053e-13
3.589999999999967439e+00,-3.378181511638720389e-04,4.374624690706449194e-06,9.235263990875115792e-02,7.495520241292457197e-13,1.785992317485267725e-13
3.599999999999967226e+00,-3.386531900574692860e-04,4.346397209384428388e-06,1.012446105151206810e-01,7.513837093355412996e-13,1.878315903753093704e-13
3.609999999999967013e+00,-3.395302851677545869e-04,4.305871920581673122e-06,1.097231492363915650e-01,7.533093958010154339e-13,1.973598439154879120e-13
3.619999999999966800e+00,-3.404499460126917320e-04,4.251441873544168935e-06,1.177558648455177825e-01,7.553312496185495664e-13,2.070255946956384483e-13
3.629999999999966587e+00,-3.414119597408478987e-04,4.181785736794008960e-06,1.253125796966800820e-01,7.574498600049911228e-13,2.166725713106670030e-13
3.639999999999966374e+00,-3.424154366023642818e-04,4.095921637342468617e-06,1.323653960876948754e-01,7.596642742757191211e-13,2.261492859169184220e-13
3.649999999999966160e+00,-3.434588657212451156e-04,3.993247126278764688e-06,1.388887392316155156e-01,7.619720576390364895e-13,2.353113321050555946e-13
3.659999999999965947e+00,-3.445401776976569951e-04,3.873564706568731951e-06,1.448593789228969919e-01,7.643693740696286526e-13,2.440232998384475378e-13
3.669999999999965734e+00,-3.456568107725577731e-04,3.737093019650864730e-06,1.502564325261089018e-01,7.668510843989531279e-13,2.521603061837830742e-13
3.679999999999965521e+00,-3.468057776608811089e-04,3.584464338104942052e-06,1.550613523641889147e-01,7.694108578497780480e-13,2.596091601983451187e-13
3.689999999999965308e+00,-3.479837306579141145e-04,3.416709434171563941e-06,1.592579009184220407e-01,7.720412935111744685e-13,2.662691964572820465e-13
3.699999999999965095e+00,-3.491870231992624330e-04,3.235231184306348947e-06,1.628321174564308360e-01,7.747340486605092221e-13,2.720528237068990042e-13
3.709999999999964881e+00,-3.504117666632376856e-04,3.041768436696456850e-06,1.657722797647574742e-01,7.774799713474068166e-13,2.768858427277819912e-13
3.719999999999964668e+00,-3.516538818062041219e-04,2.838351729807048254e-06,1.680688645723561470e-01,7.802692352168313914e-13,2.807075906752627282e-13
3.729999999999964455e+00,-3.529091447838035361e-04,2.627252430063778455e-06,1.697145100106699778e-01,7.830914751211122791e-13,2.834709681620804270e-13
3.739999999999964242e+00,-3.541732282087730580e-04,2.410926783409370527e-06,1.707039830724431939e-01,7.859359226139117473e-13,2.851424005746946931e-13
3.749999999999964029e+00,-3.554417381109511173e-04,2.191956276551502026e-06,1.710341545196888413e-01,7.887915408977324088e-13,2.857017771244046888e-13
3.759999999999963816e+00,-3.567102479846373194e-04,1.972985604638356510e-06,1.707039830724479401e-01,7.916471591815530704e-13,2.851424005747027206e-13
3.769999999999963602e+00,-3.579743313250169541e-04,1.756659463689257674e-06,1.697145100106794424e-01,7.944916066743526395e-13,2.834709681620962800e-13
3.779999999999963389e+00,-3.592295941645723867e-04,1.545559343094284167e-06,1.680688645723703301e-01,7.973138465786337292e-13,2.807075906752865581e-13
3.789999999999963176e+00,-3.604717091203997275e-04,1.342141493487619599e-06,1.657722797647763480e-01,8.001031104480586070e-13,2.768858427278131922e-13
3.799999999999962963e+00,-3.616964523541317468e-04,1.148677288295050476e-06,1.628321174564543172e-01,8.028490331349565043e-13,2.720528237069372735e-13
3.809999999999962750e+00,-3.628997446296198148e-04,9.671972756494390006e-07,1.592579009184500183e-01,8.055417882842916619e-13,2.662691964573270810e-13
3.819999999999962537e+00,-3.640776973339543377e-04,7.994403164367136162e-07,1.550613523642213332e-01,8.081722239456885872e-13,2.596091601983958078e-13
3.829999999999962323e+00,-3.652266639125270218e-04,6.468093031482830361e-07,1.502564325261456779e-01,8.107319973965141132e-13,2.521603061838395692e-13
3.839999999999962110e+00,-3.663432966710478481e-04,5.103350275822690980e-07,1.448593789229379869e-01,8.132137077258391943e-13,2.440232998385090311e-13
3.849999999999961897e+00,-3.674246083350579846e-04,3.906497854022136827e-07,1.388887392316605907e-01,8.156110241564319633e-13,2.353113321051202181e-13
3.859999999999961684e+00,-3.684680371557888588e-04,2.879722444334940365e-07,1.323653960877438918e-01,8.179188075197499375e-13,2.261492859169857971e-13
3.869999999999961471e+00,-3.694715137427915944e-04,2.021049368516369965e-07,1.253125796967327898e-01,8.201332217904786427e-13,2.166725713107358421e-13
3.879999999999961258e+00,-3.704335272280131824e-04,1.324454450342328816e-07,1.177558648455740153e-01,8.222518321769209059e-13,2.070255946957090798e-13
3.889999999999961044e+00,-3.713531878675945756e-04,7.801192837162535681e-08,1.097231492364511146e-01,8.242736859944557451e-13,1.973598439155574075e-13
3.899999999999960831e+00,-3.722302828137611578e-04,3.748308767134801408e-08,1.012446105151833531e-01,8.261993724599305863e-13,1.878315903753769726e-13
3.909999999999960618e+00,-3.730653215855462309e-04,9.252003063873311976e-09,9.235263990881668883e-02,8.280310576662268730e-13,1.785992317485923804e-13
3.919999999999960405e+00,-3.738595677734185985e-04,-8.507456579100644540e-09,8.308175100170174521e-02,8.297724913486509934e-13,1.698203224040372714e-13
3.929999999999960192e+00,-3.746150537576664130e-04,-1.776372312518556733e-08,7.346846284448295406e-02,8.314289826450057113e-13,1.616483622304334673e-13
3.939999999999959979e+00,-3.753345757160344784e-04,-2.054292936576861403e-08,6.355115728521139318e-02,8.330073428701918215e-13,1.542294363297350895e-13
3.949999999999959766e+00,-3.760216669349975547e-04,-1.884008219495043792e-08,5.336991111649272423e-02,8.345157943479559176e-13,1.476988163818470512e-13
3.959999999999959552e+00,-3.766805483912223033e-04,-1.452996649420548664e-08,4.296630432829846163e-02,8.359638455238665101e-13,1.421776477012721838e-13
3.969999999999959339e+00,-3.773160566829002801e-04,-9.282020292452079335e-09,3.238320642430695534e-02,8.373621338661486165e-13,1.377698526901457838e-13
3.979999999999959126e+00,-3.779335505926452628e-04,-4.483448259086849643e-09,2.166454338187149761e-02,8.387222393735495106e-13,1.345593805101901684e-13
3.989999999999958913e+00,-3.785387987680073445e-04,-1.174586769908996544e-09,1.085504839324365201e-02,8.400564727730558547e-13,1.326079238503719912e-13
3.999999999999958700e+00,-3.791378521189953045e-04,6.544508249912358184e-20,4.469168091159048117e-14,8.413776436242541564e-13,1.319532067978900421e-13
